id,name,mint_count
22667,Nitro League First Ever Discord Stages Community Call,' -
21698,BanklessDAO Community Call #34,127
20724,BanklessDAO Community Call #33 12/31/2021,' -
20856,BanklessDAO Community Call 33 - art by junglerush.eth,69
18601,BanklessDAO Community Call #32,137
15139,BanklessDAO Community Call #29,' -
13519,Bankless DAO Community Call #27,386
12833,Bankless DAO Community Call #26,415
12810,Bankless DAO Community Call #19,4
12043,Bankless DAO Community Call #25,427
11901,KeeperDAO Community Call #5,23
11236,Bankless DAO Community Call #17,459
10722,Bankless DAO Community Call #16,236
9141,Bankless DAO Community Call Participant,163
9174,Bankless DAO Community Call S1C14,' -
6841,Bankless DAO Community Call S1C13,157
6839,Bankless DAO Community Call S1C12,216
6838,Bankless DAO Community Call S1C11,179
6837,Bankless DAO Community Call S1C10,211
6451,Bankless DAO Community Call S1C9,184
5572,Bankless DAO Community Call S1C8,468
5570,Bankless DAO Community Call S1C7,100
5253,Bankless DAO Community Call S1C6,108
4824,Bankless DAO Community Call S1C5,136
4498,Bankless DAO Community Call S1C4,115
4203,Bankless DAO Community Call S1C3,496
3925,Bankless DAO Community Call S1C2,407
3642,Bankless DAO Community Call S1C1,489
3400,Bankless DAO Community Call #7,' -
3401,BDAO Community Call #7,333
3155,Bankless DAO Community Call #6,303
2867,Bankless DAO Community Call #5,282
2655,Bankless DAO Community Call #4,168
2501,Bankless DAO Community Call #3,170
2346,Bankless DAO Community Call #2,164
2220,Bankless DAO Community Call #1,155
2160,Bankless Community Call  Test,' -
